SSN,gender,birthdate,maiden name,last name,first name,address,city,state,zip,phone,email,cc_type,CCN,cc_cvc,cc_expiredate
751-01-2327,female,2-16-1968,Miley,Peacock,Julie,515 Hillside Drive,Kaunakakai,CT,96748,808-560-1638,jrenfro@email.co.uk,m,4532 0065 1968 5602,889,2010-08-01
559-81-1301,male,1-20-1952,Smith,Renfro,James,1620 Maxwell Street,San Jose,NJ,95129,408-370-0031,jheard@email.co.uk,v,4539 8219 0484 7598,258,2010-03-01
213-46-8915,female,4-21-1958,Porter,Mceachern,Marjorie,3414 Gore Street,Oakland,NY,94618,415 986-7020,mgreen@email.co.uk,v,4532 1753 6071 1112,311,2011-06-01
172-32-1176,male,4-21-1958,Onwunli,Kaminski,Johnson,3181 White Oak Drive,Menlo Park,PA,94025,408 496-7223,jwhite@email.co.uk,m,5218 0144 2703 9266,584,2009-12-01
624-84-9181,male,1-16-1980,Spain,Jackson,Danny,582 Thrash Trail,San Luis Obispo,NC,93401,805-369-0464,dreyes@email.co.uk,v,5325 3256 9519 6624,322,2010-02-01
612-20-6832,male,1979-08-18,Hall,Nelson,Rick,784 Beechwood Avenue,Gardena,NC,90248,626-991-3620,redwards@email.co.uk,m,5370-4638-8881-3020,276,2009-11-01
524-02-7657,male,3-25-1962,Dickerson,Reyes,Jerome,4899 University Hill Road,Centennial,AL,80112,303-901-6123,jmunsch@email.co.uk,m,4916 4034 9269 8783,496,2010-05-01
449-48-3135,male,6-14-1982,Kings,Borden,Mark,1074 Small Street,Houston,MA,77077,281-597-5517,mhall@email.co.uk,v,4929-3813-3266-4295,710,2011-02-01
465-73-5022,female,1964-06-20,Kurtz,Lowe,Teresa,2877 Glen Street,Houston,MS,77006,281-906-2148,tkaminski@email.co.uk,m,4532 9929 3036 9308,436,2011-11-01
461-97-5660,female,4/1/1975,Kroeger,Watson,Gail,309 63rd St. #411,Houston,KY,77002,713-547-3414,gwatson@email.co.uk,v,5270-4267-6450-5516,731,2010-02-01
451-80-3526,male,1950-06-09,Garcia,Hall,Thomas,3396 Nancy Street,Fort Worth,OH,76104,940-859-1393,tsantos@email.co.uk,v,5495 8602 4508 6804,953,2011-07-01
458-02-6124,male,9-20-1955,Feusier,Townsend,Christopher,3500 Diane Street,Dallas,MN,75247,903-624-9156,cdiaz@email.co.uk,m,5527 1247 5046 7780,767,2011-09-01
660-03-8360,female,11/7/1953,Nicholson,Green,Lisa,4032 Arron Smith Drive,Lake Charles,IL,70629,337-965-2982,lgarrison@email.co.uk,v,30204861594838,991,2010-01-01
505-88-5714,female,9-23-1963,Vasquez,Venson,Lillian,4213 High Meadow Lane,Wood River,MO,68883,308-583-8759,lvenson@email.co.uk,d,4539 5385 7425 5825,471,2011-02-01
514-14-8905,female,12-22-1944,Kingdon,Morrison,Ashley,2489 O Conner Street,Goff,MO,66428,785-939-6046,aborden@email.co.uk,m,5293 8502 0071 3058,123,2009-03-01
514-30-2668,female,5-27-1986,Mcafee,Oyola,Jacki,10932 Bigge Rd,Kansas City,KS,66215,913-227-6106,jrussell@email.co.uk,a,4916 4811 5814 8111,347,2010-06-25
489-36-8350,male,6/9/1964,Mcclain,Zwick,Robert,456 Oral Lake Road,Kansas City,NE,66215,816-645-6936,raragon@email.co.uk,v,4556 0072 1294 7415,892,2010-09-01
322-84-2281,male,1977-08-19,Stockdale,Garrison,Albert,2183 Roy Alley,Springfield,LA,62701,217-615-6419,aiorio@email.co.uk,v,5413 4428 0145 0036,232,2011-08-01
477-36-0282,male,10/3/1961,Parmer,Faulkner,Monte,3097 Better Street,Minneapolis,TX,55401,952-412-3707,mmceachern@email.co.uk,m,5299 1561 5689 1938,713,2011-12-01
300-62-3266,male,1965-02-10,Summers,Conley,Victor,4696 Retreat Avenue,Toledo,NH,43602,419-340-3832,vfaulkner@email.co.uk,m,4539 0031 3703 0728,612,2011-03-01
404-12-2154,female,1984-09-21,Robbins,Diaz,Mireille,4986 Chapel Street,Paducah,CT,42003,270-408-7254,mtownsend@email.co.uk,v,4532 4220 6922 9909,680,2011-12-01
587-03-2682,female,1958-10-24,Sanford,Iorio,Lynette,4469 Sherman Street,Pascagoula,NY,39567,228-938-2056,loyola@email.co.uk,v,5399 0706 4128 0178,701,2009-10-01
421-37-1396,female,9/4/1980,Linden,White,Susan,570 Nancy Street,Jasper,TX,35501,205-221-9156,sdavis@email.co.uk,v,5180-3807-3679-8221,616,2011-02-01
421-90-3440,female,1953-07-17,Banas,Heard,Adriane,1843 Olive Street,Birmingham,CO,35209,205-276-1807,amorrison@email.co.uk,v,5548 0246 6336 5664,238,2011-10-01
687-05-8365,female,1976-05-24,Simpson,Edwards,Stacey,173 Lunetta Street,Raleigh,CA,27612,919-571-2339,speacock@email.co.uk,m,4716 6984 4983 6160,713,2009-02-25
690-05-5315,male,2/10/1969,Pennebaker,Russell,Thomas,4222 Bedford Street,Morrisville,CA,27560,919-656-6779,tconley@email.co.uk,v,345389698201044,721,2010-10-01
205-52-0027,female,1950-03-26,Amaker,Aragon,Agnes,539 Kyle Street,Avoca,ND,18641,570-480-8704,anelson@email.co.uk,m,4916 6734 7572 5015,33,2011-09-01
646-44-9061,male,1/12/1978,Pinson,Munsch,Charles,1517 Gambler Lane,New York,CA,10011,212-847-4915,cjackson@email.co.uk,m,4916-9766-5240-6147,911,2011-04-01
151-32-2558,female,1952-11-19,Simpson,Santos,Rebecca,4254 Walkers Ridge Way,Piscataway,CA,8854,908-814-6733,rzwick@email.co.uk,v,5144 8691 2776 1108,173,2009-03-01
044-34-6954,male,1967-05-28,Frazier,Davis,Tim,2865 Driftwood Road,East Hartford,HI,6108,860-755-0293,tlowe@email.co.uk,m,5252 5971 4219 4116,694,2010-02-01